,similarity,FDT,SDT,FDT norm,SDTR norm
int4_g64_nozp_r60,0.5069931365157428,8.210526315789474,232.10526315789474,0.030267753201396977,0.8581684128831976
fp32,1.0000000721529911,271.2631578947368,0.0,1.0,0.0
