,mode,FDT,FDT norm,SDT,SDTR norm
0,int4_g64_nozp_r80_hawq_OUT2,8.157894736842104,0.0423960612691466,113.15789473684211,0.6758752735229759
1,int4_g64_nozp_r80,8.631578947368421,0.04485776805251641,134.57894736842104,0.7267505470459518
2,int4_g64_nozp_r80_hawq_IN,7.315789473684211,0.03801969365426695,148.73684210526315,0.7201859956236323
3,int8,23.05263157894737,0.11980306345733041,125.21052631578948,0.5943654266958424
4,fp16,192.42105263157896,1.0,0.0,0.0
